Workbook

Sheet Componentes
A1: Nombre | B1: Descripción | C1: Orden | D1: Instructor (correo, opcional)
A2: Fundamentos de Frontend | B2: HTML, CSS, JavaScript moderno | C2: 1

Sheet Horario 8 semanas
A1: Semana | B1: Día | C1: Fecha | D1: Sesión | E1: Bloque | F1: Horario | G1: Componente | H1: Tema | I1: Contenidos | J1: Horas académicas
A2: 1 | B2: Lunes | C2: =Resumen!$B$2+(A2-1)*7+0 -> 46300 | D2: 1 | E2: 1 | F2: 18:30 – 20:00 | J2: 2
A3: 1 | B3: Lunes | C3: =Resumen!$B$2+(A3-1)*7+0 -> 46300 | D3: 1 | E3: 2 | F3: 20:30 – 22:00 | J3: 2
A4: 1 | B4: Martes | C4: =Resumen!$B$2+(A4-1)*7+1 -> 46301 | D4: 2 | E4: 1 | F4: 18:30 – 20:00 | J4: 2
A5: 1 | B5: Martes | C5: =Resumen!$B$2+(A5-1)*7+1 -> 46301 | D5: 2 | E5: 2 | F5: 20:30 – 22:00 | J5: 2
A6: 1 | B6: Miércoles | C6: =Resumen!$B$2+(A6-1)*7+2 -> 46302 | D6: 3 | E6: 1 | F6: 18:30 – 20:00 | J6: 2
A7: 1 | B7: Miércoles | C7: =Resumen!$B$2+(A7-1)*7+2 -> 46302 | D7: 3 | E7: 2 | F7: 20:30 – 22:00 | J7: 2
A8: 1 | B8: Jueves | C8: =Resumen!$B$2+(A8-1)*7+3 -> 46303 | D8: 4 | E8: 1 | F8: 18:30 – 20:00 | J8: 2
A9: 1 | B9: Jueves | C9: =Resumen!$B$2+(A9-1)*7+3 -> 46303 | D9: 4 | E9: 2 | F9: 20:30 – 22:00 | J9: 2
A10: 1 | B10: Viernes | C10: =Resumen!$B$2+(A10-1)*7+4 -> 46304 | D10: 5 | E10: 1 | F10: 18:30 – 20:00 | J10: 2
A11: 1 | B11: Viernes | C11: =Resumen!$B$2+(A11-1)*7+4 -> 46304 | D11: 5 | E11: 2 | F11: 20:30 – 22:00 | J11: 2
A12: 2 | B12: Lunes | C12: =Resumen!$B$2+(A12-1)*7+0 -> 46307 | D12: 6 | E12: 1 | F12: 18:30 – 20:00 | J12: 2
A13: 2 | B13: Lunes | C13: =Resumen!$B$2+(A13-1)*7+0 -> 46307 | D13: 6 | E13: 2 | F13: 20:30 – 22:00 | J13: 2
A14: 2 | B14: Martes | C14: =Resumen!$B$2+(A14-1)*7+1 -> 46308 | D14: 7 | E14: 1 | F14: 18:30 – 20:00 | J14: 2
A15: 2 | B15: Martes | C15: =Resumen!$B$2+(A15-1)*7+1 -> 46308 | D15: 7 | E15: 2 | F15: 20:30 – 22:00 | J15: 2
A16: 2 | B16: Miércoles | C16: =Resumen!$B$2+(A16-1)*7+2 -> 46309 | D16: 8 | E16: 1 | F16: 18:30 – 20:00 | J16: 2
A17: 2 | B17: Miércoles | C17: =Resumen!$B$2+(A17-1)*7+2 -> 46309 | D17: 8 | E17: 2 | F17: 20:30 – 22:00 | J17: 2
A18: 2 | B18: Jueves | C18: =Resumen!$B$2+(A18-1)*7+3 -> 46310 | D18: 9 | E18: 1 | F18: 18:30 – 20:00 | J18: 2
A19: 2 | B19: Jueves | C19: =Resumen!$B$2+(A19-1)*7+3 -> 46310 | D19: 9 | E19: 2 | F19: 20:30 – 22:00 | J19: 2
A20: 2 | B20: Viernes | C20: =Resumen!$B$2+(A20-1)*7+4 -> 46311 | D20: 10 | E20: 1 | F20: 18:30 – 20:00 | J20: 2
A21: 2 | B21: Viernes | C21: =Resumen!$B$2+(A21-1)*7+4 -> 46311 | D21: 10 | E21: 2 | F21: 20:30 – 22:00 | J21: 2
A22: 3 | B22: Lunes | C22: =Resumen!$B$2+(A22-1)*7+0 -> 46314 | D22: 11 | E22: 1 | F22: 18:30 – 20:00 | J22: 2
A23: 3 | B23: Lunes | C23: =Resumen!$B$2+(A23-1)*7+0 -> 46314 | D23: 11 | E23: 2 | F23: 20:30 – 22:00 | J23: 2
A24: 3 | B24: Martes | C24: =Resumen!$B$2+(A24-1)*7+1 -> 46315 | D24: 12 | E24: 1 | F24: 18:30 – 20:00 | J24: 2
A25: 3 | B25: Martes | C25: =Resumen!$B$2+(A25-1)*7+1 -> 46315 | D25: 12 | E25: 2 | F25: 20:30 – 22:00 | J25: 2
A26: 3 | B26: Miércoles | C26: =Resumen!$B$2+(A26-1)*7+2 -> 46316 | D26: 13 | E26: 1 | F26: 18:30 – 20:00 | J26: 2
A27: 3 | B27: Miércoles | C27: =Resumen!$B$2+(A27-1)*7+2 -> 46316 | D27: 13 | E27: 2 | F27: 20:30 – 22:00 | J27: 2
A28: 3 | B28: Jueves | C28: =Resumen!$B$2+(A28-1)*7+3 -> 46317 | D28: 14 | E28: 1 | F28: 18:30 – 20:00 | J28: 2
A29: 3 | B29: Jueves | C29: =Resumen!$B$2+(A29-1)*7+3 -> 46317 | D29: 14 | E29: 2 | F29: 20:30 – 22:00 | J29: 2
A30: 3 | B30: Viernes | C30: =Resumen!$B$2+(A30-1)*7+4 -> 46318 | D30: 15 | E30: 1 | F30: 18:30 – 20:00 | J30: 2
A31: 3 | B31: Viernes | C31: =Resumen!$B$2+(A31-1)*7+4 -> 46318 | D31: 15 | E31: 2 | F31: 20:30 – 22:00 | J31: 2
A32: 4 | B32: Lunes | C32: =Resumen!$B$2+(A32-1)*7+0 -> 46321 | D32: 16 | E32: 1 | F32: 18:30 – 20:00 | J32: 2
A33: 4 | B33: Lunes | C33: =Resumen!$B$2+(A33-1)*7+0 -> 46321 | D33: 16 | E33: 2 | F33: 20:30 – 22:00 | J33: 2
A34: 4 | B34: Martes | C34: =Resumen!$B$2+(A34-1)*7+1 -> 46322 | D34: 17 | E34: 1 | F34: 18:30 – 20:00 | J34: 2
A35: 4 | B35: Martes | C35: =Resumen!$B$2+(A35-1)*7+1 -> 46322 | D35: 17 | E35: 2 | F35: 20:30 – 22:00 | J35: 2
A36: 4 | B36: Miércoles | C36: =Resumen!$B$2+(A36-1)*7+2 -> 46323 | D36: 18 | E36: 1 | F36: 18:30 – 20:00 | J36: 2
A37: 4 | B37: Miércoles | C37: =Resumen!$B$2+(A37-1)*7+2 -> 46323 | D37: 18 | E37: 2 | F37: 20:30 – 22:00 | J37: 2
A38: 4 | B38: Jueves | C38: =Resumen!$B$2+(A38-1)*7+3 -> 46324 | D38: 19 | E38: 1 | F38: 18:30 – 20:00 | J38: 2
A39: 4 | B39: Jueves | C39: =Resumen!$B$2+(A39-1)*7+3 -> 46324 | D39: 19 | E39: 2 | F39: 20:30 – 22:00 | J39: 2
A40: 4 | B40: Viernes | C40: =Resumen!$B$2+(A40-1)*7+4 -> 46325 | D40: 20 | E40: 1 | F40: 18:30 – 20:00 | J40: 2
A41: 4 | B41: Viernes | C41: =Resumen!$B$2+(A41-1)*7+4 -> 46325 | D41: 20 | E41: 2 | F41: 20:30 – 22:00 | J41: 2
A42: 5 | B42: Lunes | C42: =Resumen!$B$2+(A42-1)*7+0 -> 46328 | D42: 21 | E42: 1 | F42: 18:30 – 20:00 | J42: 2
A43: 5 | B43: Lunes | C43: =Resumen!$B$2+(A43-1)*7+0 -> 46328 | D43: 21 | E43: 2 | F43: 20:30 – 22:00 | J43: 2
A44: 5 | B44: Martes | C44: =Resumen!$B$2+(A44-1)*7+1 -> 46329 | D44: 22 | E44: 1 | F44: 18:30 – 20:00 | J44: 2
A45: 5 | B45: Martes | C45: =Resumen!$B$2+(A45-1)*7+1 -> 46329 | D45: 22 | E45: 2 | F45: 20:30 – 22:00 | J45: 2
A46: 5 | B46: Miércoles | C46: =Resumen!$B$2+(A46-1)*7+2 -> 46330 | D46: 23 | E46: 1 | F46: 18:30 – 20:00 | J46: 2
A47: 5 | B47: Miércoles | C47: =Resumen!$B$2+(A47-1)*7+2 -> 46330 | D47: 23 | E47: 2 | F47: 20:30 – 22:00 | J47: 2
A48: 5 | B48: Jueves | C48: =Resumen!$B$2+(A48-1)*7+3 -> 46331 | D48: 24 | E48: 1 | F48: 18:30 – 20:00 | J48: 2
A49: 5 | B49: Jueves | C49: =Resumen!$B$2+(A49-1)*7+3 -> 46331 | D49: 24 | E49: 2 | F49: 20:30 – 22:00 | J49: 2
A50: 5 | B50: Viernes | C50: =Resumen!$B$2+(A50-1)*7+4 -> 46332 | D50: 25 | E50: 1 | F50: 18:30 – 20:00 | J50: 2
A51: 5 | B51: Viernes | C51: =Resumen!$B$2+(A51-1)*7+4 -> 46332 | D51: 25 | E51: 2 | F51: 20:30 – 22:00 | J51: 2
A52: 6 | B52: Lunes | C52: =Resumen!$B$2+(A52-1)*7+0 -> 46335 | D52: 26 | E52: 1 | F52: 18:30 – 20:00 | J52: 2
A53: 6 | B53: Lunes | C53: =Resumen!$B$2+(A53-1)*7+0 -> 46335 | D53: 26 | E53: 2 | F53: 20:30 – 22:00 | J53: 2
A54: 6 | B54: Martes | C54: =Resumen!$B$2+(A54-1)*7+1 -> 46336 | D54: 27 | E54: 1 | F54: 18:30 – 20:00 | J54: 2
A55: 6 | B55: Martes | C55: =Resumen!$B$2+(A55-1)*7+1 -> 46336 | D55: 27 | E55: 2 | F55: 20:30 – 22:00 | J55: 2
A56: 6 | B56: Miércoles | C56: =Resumen!$B$2+(A56-1)*7+2 -> 46337 | D56: 28 | E56: 1 | F56: 18:30 – 20:00 | J56: 2
A57: 6 | B57: Miércoles | C57: =Resumen!$B$2+(A57-1)*7+2 -> 46337 | D57: 28 | E57: 2 | F57: 20:30 – 22:00 | J57: 2
A58: 6 | B58: Jueves | C58: =Resumen!$B$2+(A58-1)*7+3 -> 46338 | D58: 29 | E58: 1 | F58: 18:30 – 20:00 | J58: 2
A59: 6 | B59: Jueves | C59: =Resumen!$B$2+(A59-1)*7+3 -> 46338 | D59: 29 | E59: 2 | F59: 20:30 – 22:00 | J59: 2
A60: 6 | B60: Viernes | C60: =Resumen!$B$2+(A60-1)*7+4 -> 46339 | D60: 30 | E60: 1 | F60: 18:30 – 20:00 | J60: 2
A61: 6 | B61: Viernes | C61: =Resumen!$B$2+(A61-1)*7+4 -> 46339 | D61: 30 | E61: 2 | F61: 20:30 – 22:00 | J61: 2
A62: 7 | B62: Lunes | C62: =Resumen!$B$2+(A62-1)*7+0 -> 46342 | D62: 31 | E62: 1 | F62: 18:30 – 20:00 | J62: 2
A63: 7 | B63: Lunes | C63: =Resumen!$B$2+(A63-1)*7+0 -> 46342 | D63: 31 | E63: 2 | F63: 20:30 – 22:00 | J63: 2
A64: 7 | B64: Martes | C64: =Resumen!$B$2+(A64-1)*7+1 -> 46343 | D64: 32 | E64: 1 | F64: 18:30 – 20:00 | J64: 2
A65: 7 | B65: Martes | C65: =Resumen!$B$2+(A65-1)*7+1 -> 46343 | D65: 32 | E65: 2 | F65: 20:30 – 22:00 | J65: 2
A66: 7 | B66: Miércoles | C66: =Resumen!$B$2+(A66-1)*7+2 -> 46344 | D66: 33 | E66: 1 | F66: 18:30 – 20:00 | J66: 2
A67: 7 | B67: Miércoles | C67: =Resumen!$B$2+(A67-1)*7+2 -> 46344 | D67: 33 | E67: 2 | F67: 20:30 – 22:00 | J67: 2
A68: 7 | B68: Jueves | C68: =Resumen!$B$2+(A68-1)*7+3 -> 46345 | D68: 34 | E68: 1 | F68: 18:30 – 20:00 | J68: 2
A69: 7 | B69: Jueves | C69: =Resumen!$B$2+(A69-1)*7+3 -> 46345 | D69: 34 | E69: 2 | F69: 20:30 – 22:00 | J69: 2
A70: 7 | B70: Viernes | C70: =Resumen!$B$2+(A70-1)*7+4 -> 46346 | D70: 35 | E70: 1 | F70: 18:30 – 20:00 | J70: 2
A71: 7 | B71: Viernes | C71: =Resumen!$B$2+(A71-1)*7+4 -> 46346 | D71: 35 | E71: 2 | F71: 20:30 – 22:00 | J71: 2
A72: 8 | B72: Lunes | C72: =Resumen!$B$2+(A72-1)*7+0 -> 46349 | D72: 36 | E72: 1 | F72: 18:30 – 20:00 | J72: 2
A73: 8 | B73: Lunes | C73: =Resumen!$B$2+(A73-1)*7+0 -> 46349 | D73: 36 | E73: 2 | F73: 20:30 – 22:00 | J73: 2
A74: 8 | B74: Martes | C74: =Resumen!$B$2+(A74-1)*7+1 -> 46350 | D74: 37 | E74: 1 | F74: 18:30 – 20:00 | J74: 2
A75: 8 | B75: Martes | C75: =Resumen!$B$2+(A75-1)*7+1 -> 46350 | D75: 37 | E75: 2 | F75: 20:30 – 22:00 | J75: 2
A76: 8 | B76: Miércoles | C76: =Resumen!$B$2+(A76-1)*7+2 -> 46351 | D76: 38 | E76: 1 | F76: 18:30 – 20:00 | J76: 2
A77: 8 | B77: Miércoles | C77: =Resumen!$B$2+(A77-1)*7+2 -> 46351 | D77: 38 | E77: 2 | F77: 20:30 – 22:00 | J77: 2
A78: 8 | B78: Jueves | C78: =Resumen!$B$2+(A78-1)*7+3 -> 46352 | D78: 39 | E78: 1 | F78: 18:30 – 20:00 | J78: 2
A79: 8 | B79: Jueves | C79: =Resumen!$B$2+(A79-1)*7+3 -> 46352 | D79: 39 | E79: 2 | F79: 20:30 – 22:00 | J79: 2
A80: 8 | B80: Viernes | C80: =Resumen!$B$2+(A80-1)*7+4 -> 46353 | D80: 40 | E80: 1 | F80: 18:30 – 20:00 | J80: 2
A81: 8 | B81: Viernes | C81: =Resumen!$B$2+(A81-1)*7+4 -> 46353 | D81: 40 | E81: 2 | F81: 20:30 – 22:00 | J81: 2
I82: Total horas académicas | J82: =SUM(J2:J81) -> 160

Sheet Resumen
A1: Parámetros
A2: Fecha de inicio (lunes) | B2: 46300 | C2: ← celdas amarillas editables
A3: Minutos por hora académica | B3: 45
A5: Componente | B5: Orden | C5: Sesiones | D5: Horas académicas | E5: Horas reloj | F5: Semana inicio | G5: Semana fin | H5: Fecha inicio | I5: Fecha fin
A6: Versionamiento de codigo | B6: 1 | C6: =COUNTIFS('Horario 8 semanas'!$G$2:$G$81,A6,'Horario 8 semanas'!$E$2:$E$81,"1") -> 3 | D6: =SUMIFS('Horario 8 semanas'!$J$2:$J$81,'Horario 8 semanas'!$G$2:$G$81,A6) -> 12 | E6: =D6*Resumen!$B$3/60 -> 9 | F6: =_xlfn.MINIFS('Horario 8 semanas'!$A$2:$A$81,'Horario 8 semanas'!$G$2:$G$81,A6) -> 1 | G6: =_xlfn.MAXIFS('Horario 8 semanas'!$A$2:$A$81,'Horario 8 semanas'!$G$2:$G$81,A6) -> 1 | H6: =_xlfn.MINIFS('Horario 8 semanas'!$C$2:$C$81,'Horario 8 semanas'!$G$2:$G$81,A6) -> 46300 | I6: =_xlfn.MAXIFS('Horario 8 semanas'!$C$2:$C$81,'Horario 8 semanas'!$G$2:$G$81,A6) -> 46302
A7: Arquitectura | B7: 2 | C7: =COUNTIFS('Horario 8 semanas'!$G$2:$G$81,A7,'Horario 8 semanas'!$E$2:$E$81,"1") -> 5 | D7: =SUMIFS('Horario 8 semanas'!$J$2:$J$81,'Horario 8 semanas'!$G$2:$G$81,A7) -> 20 | E7: =D7*Resumen!$B$3/60 -> 15 | F7: =_xlfn.MINIFS('Horario 8 semanas'!$A$2:$A$81,'Horario 8 semanas'!$G$2:$G$81,A7) -> 1 | G7: =_xlfn.MAXIFS('Horario 8 semanas'!$A$2:$A$81,'Horario 8 semanas'!$G$2:$G$81,A7) -> 2 | H7: =_xlfn.MINIFS('Horario 8 semanas'!$C$2:$C$81,'Horario 8 semanas'!$G$2:$G$81,A7) -> 46303 | I7: =_xlfn.MAXIFS('Horario 8 semanas'!$C$2:$C$81,'Horario 8 semanas'!$G$2:$G$81,A7) -> 46309
A8: Analisis funcional | B8: 3 | C8: =COUNTIFS('Horario 8 semanas'!$G$2:$G$81,A8,'Horario 8 semanas'!$E$2:$E$81,"1") -> 5 | D8: =SUMIFS('Horario 8 semanas'!$J$2:$J$81,'Horario 8 semanas'!$G$2:$G$81,A8) -> 20 | E8: =D8*Resumen!$B$3/60 -> 15 | F8: =_xlfn.MINIFS('Horario 8 semanas'!$A$2:$A$81,'Horario 8 semanas'!$G$2:$G$81,A8) -> 2 | G8: =_xlfn.MAXIFS('Horario 8 semanas'!$A$2:$A$81,'Horario 8 semanas'!$G$2:$G$81,A8) -> 3 | H8: =_xlfn.MINIFS('Horario 8 semanas'!$C$2:$C$81,'Horario 8 semanas'!$G$2:$G$81,A8) -> 46310 | I8: =_xlfn.MAXIFS('Horario 8 semanas'!$C$2:$C$81,'Horario 8 semanas'!$G$2:$G$81,A8) -> 46316
A9: ViveCoding | B9: 4 | C9: =COUNTIFS('Horario 8 semanas'!$G$2:$G$81,A9,'Horario 8 semanas'!$E$2:$E$81,"1") -> 5 | D9: =SUMIFS('Horario 8 semanas'!$J$2:$J$81,'Horario 8 semanas'!$G$2:$G$81,A9) -> 20 | E9: =D9*Resumen!$B$3/60 -> 15 | F9: =_xlfn.MINIFS('Horario 8 semanas'!$A$2:$A$81,'Horario 8 semanas'!$G$2:$G$81,A9) -> 3 | G9: =_xlfn.MAXIFS('Horario 8 semanas'!$A$2:$A$81,'Horario 8 semanas'!$G$2:$G$81,A9) -> 4 | H9: =_xlfn.MINIFS('Horario 8 semanas'!$C$2:$C$81,'Horario 8 semanas'!$G$2:$G$81,A9) -> 46317 | I9: =_xlfn.MAXIFS('Horario 8 semanas'!$C$2:$C$81,'Horario 8 semanas'!$G$2:$G$81,A9) -> 46323
A10: iA Funcional | B10: 5 | C10: =COUNTIFS('Horario 8 semanas'!$G$2:$G$81,A10,'Horario 8 semanas'!$E$2:$E$81,"1") -> 5 | D10: =SUMIFS('Horario 8 semanas'!$J$2:$J$81,'Horario 8 semanas'!$G$2:$G$81,A10) -> 20 | E10: =D10*Resumen!$B$3/60 -> 15 | F10: =_xlfn.MINIFS('Horario 8 semanas'!$A$2:$A$81,'Horario 8 semanas'!$G$2:$G$81,A10) -> 4 | G10: =_xlfn.MAXIFS('Horario 8 semanas'!$A$2:$A$81,'Horario 8 semanas'!$G$2:$G$81,A10) -> 5 | H10: =_xlfn.MINIFS('Horario 8 semanas'!$C$2:$C$81,'Horario 8 semanas'!$G$2:$G$81,A10) -> 46324 | I10: =_xlfn.MAXIFS('Horario 8 semanas'!$C$2:$C$81,'Horario 8 semanas'!$G$2:$G$81,A10) -> 46330
A11: Base de datos | B11: 6 | C11: =COUNTIFS('Horario 8 semanas'!$G$2:$G$81,A11,'Horario 8 semanas'!$E$2:$E$81,"1") -> 5 | D11: =SUMIFS('Horario 8 semanas'!$J$2:$J$81,'Horario 8 semanas'!$G$2:$G$81,A11) -> 20 | E11: =D11*Resumen!$B$3/60 -> 15 | F11: =_xlfn.MINIFS('Horario 8 semanas'!$A$2:$A$81,'Horario 8 semanas'!$G$2:$G$81,A11) -> 5 | G11: =_xlfn.MAXIFS('Horario 8 semanas'!$A$2:$A$81,'Horario 8 semanas'!$G$2:$G$81,A11) -> 6 | H11: =_xlfn.MINIFS('Horario 8 semanas'!$C$2:$C$81,'Horario 8 semanas'!$G$2:$G$81,A11) -> 46331 | I11: =_xlfn.MAXIFS('Horario 8 semanas'!$C$2:$C$81,'Horario 8 semanas'!$G$2:$G$81,A11) -> 46337
A12: Backend | B12: 7 | C12: =COUNTIFS('Horario 8 semanas'!$G$2:$G$81,A12,'Horario 8 semanas'!$E$2:$E$81,"1") -> 6 | D12: =SUMIFS('Horario 8 semanas'!$J$2:$J$81,'Horario 8 semanas'!$G$2:$G$81,A12) -> 24 | E12: =D12*Resumen!$B$3/60 -> 18 | F12: =_xlfn.MINIFS('Horario 8 semanas'!$A$2:$A$81,'Horario 8 semanas'!$G$2:$G$81,A12) -> 6 | G12: =_xlfn.MAXIFS('Horario 8 semanas'!$A$2:$A$81,'Horario 8 semanas'!$G$2:$G$81,A12) -> 7 | H12: =_xlfn.MINIFS('Horario 8 semanas'!$C$2:$C$81,'Horario 8 semanas'!$G$2:$G$81,A12) -> 46338 | I12: =_xlfn.MAXIFS('Horario 8 semanas'!$C$2:$C$81,'Horario 8 semanas'!$G$2:$G$81,A12) -> 46345
A13: Frontend | B13: 8 | C13: =COUNTIFS('Horario 8 semanas'!$G$2:$G$81,A13,'Horario 8 semanas'!$E$2:$E$81,"1") -> 6 | D13: =SUMIFS('Horario 8 semanas'!$J$2:$J$81,'Horario 8 semanas'!$G$2:$G$81,A13) -> 24 | E13: =D13*Resumen!$B$3/60 -> 18 | F13: =_xlfn.MINIFS('Horario 8 semanas'!$A$2:$A$81,'Horario 8 semanas'!$G$2:$G$81,A13) -> 7 | G13: =_xlfn.MAXIFS('Horario 8 semanas'!$A$2:$A$81,'Horario 8 semanas'!$G$2:$G$81,A13) -> 8 | H13: =_xlfn.MINIFS('Horario 8 semanas'!$C$2:$C$81,'Horario 8 semanas'!$G$2:$G$81,A13) -> 46346 | I13: =_xlfn.MAXIFS('Horario 8 semanas'!$C$2:$C$81,'Horario 8 semanas'!$G$2:$G$81,A13) -> 46353
A14: Total | C14: =SUM(C6:C13) -> 40 | D14: =SUM(D6:D13) -> 160 | E14: =SUM(E6:E13) -> 120
A16: Notas:
A17: • Clases de lunes a viernes, 18:30–22:00: 2 bloques de 2 horas académicas con receso de 20:00 a 20:30.
A18: • 40 sesiones / 80 bloques. Los componentes van en el orden de la hoja 'Componentes'; Backend y Frontend reciben 6 sesiones y Versionamiento 3 por su mayor/menor volumen.
A19: • Las fechas no descuentan feriados: si alguno cae dentro del ciclo, mover los temas de esa sesión.
